{"amount_log_min": 0.4637340162321401, "amount_log_max": 9.456831631902709}