{"amount_log_min": 0.4054651081081644, "amount_log_max": 6.90875477931522}