{"amount_log_min": 0.7030975114131134, "amount_log_max": 9.310147697173763}